日時,始値(BID),高値(BID),安値(BID),終値(BID),始値(ASK),高値(ASK),安値(ASK),終値(ASK)
202009281600,5881.6,5888.5,5880,5887.3,5882.6,5889.5,5881,5888.3
202009281601,5887.3,5890.3,5884.6,5884.6,5888.3,5891.3,5885.6,5885.6
202009281602,5884.6,5893.3,5882.3,5893.1,5885.6,5894.3,5883.3,5894.1
202009281603,5893.1,5899.9,5893.1,5898.4,5894.1,5900.9,5894.1,5899.4
202009281604,5898.4,5902.3,5898,5899.3,5899.4,5903.4,5899.3,5900.3
202009281605,5899.3,5901.7,5890.2,5890.6,5900.3,5902.7,5891.2,5891.6
202009281606,5890.6,5893.2,5890.3,5890.3,5891.6,5894.2,5891.3,5891.3
202009281607,5890.1,5893,5888.6,5891.1,5891.1,5894,5889.6,5892.1
202009281608,5891.1,5894.8,5890.3,5891.8,5892.1,5895.8,5891.3,5892.8
202009281609,5891.8,5892.9,5883.6,5883.6,5892.8,5893.9,5884.6,5884.6
202009281610,5883.3,5892.8,5883.3,5892.8,5884.3,5893.8,5884.3,5893.8
202009281611,5892.8,5898.3,5891.7,5897.3,5893.8,5899.5,5892.7,5898.3
202009281612,5897.3,5899.3,5896.6,5899.3,5898.3,5900.3,5897.6,5900.3
202009281613,5899.3,5903.4,5897.3,5902.3,5900.3,5904.4,5898.3,5903.3
202009281614,5902.1,5903.9,5900.6,5903.2,5903.1,5905.2,5901.6,5904.2
202009281615,5903.2,5909,5902.2,5907.6,5904.2,5910,5903.2,5908.6
202009281616,5907.6,5912.3,5903.6,5905.4,5908.6,5913.3,5904.6,5906.4
202009281617,5905.3,5907.1,5901.1,5902.6,5906.3,5908.1,5902.3,5903.6
202009281618,5902.6,5903.3,5898.8,5898.8,5903.6,5904.3,5899.8,5899.8
202009281619,5898.8,5902.3,5898.5,5901.9,5899.8,5903.3,5899.5,5902.9
202009281620,5902.2,5903.7,5898.8,5900.6,5903.2,5904.7,5899.8,5901.6
202009281621,5900.6,5900.6,5895.3,5897.4,5901.6,5901.6,5896.3,5898.4
202009281622,5897.4,5903.3,5897.4,5901.8,5898.4,5904.3,5898.4,5902.8
202009281623,5901.8,5902.6,5897.5,5897.5,5902.8,5903.6,5898.5,5898.5
202009281624,5897.5,5900.8,5896.9,5897.3,5898.5,5901.8,5897.9,5898.3
202009281625,5897.3,5898.8,5893.6,5893.6,5898.3,5899.8,5894.6,5894.6
202009281626,5893.6,5894.1,5889.7,5893.9,5894.6,5895.1,5890.7,5894.9
202009281627,5893.9,5898.1,5893.9,5896.8,5894.9,5899.1,5894.9,5897.8
202009281628,5896.8,5903.4,5896.6,5903.4,5897.8,5904.4,5897.6,5904.4
202009281629,5903.3,5904.8,5898.8,5899.2,5904.3,5905.8,5899.8,5900.2
202009281630,5899.2,5901.3,5896.9,5896.9,5900.2,5902.3,5897.9,5897.9
202009281631,5896.9,5900.9,5896.8,5900.3,5897.9,5901.9,5897.8,5901.3
202009281632,5900.3,5906.5,5899.9,5906.1,5901.3,5907.5,5900.9,5907.1
202009281633,5906.1,5908.3,5905.4,5905.4,5907.1,5909.3,5906.4,5906.4
202009281634,5905.2,5905.3,5898.8,5898.8,5906.2,5906.3,5899.8,5899.8
202009281635,5898.8,5900.1,5897.9,5898.3,5899.8,5901.1,5898.9,5899.3
202009281636,5898.3,5901.8,5897.8,5901.6,5899.3,5903.1,5898.8,5902.6
202009281637,5901.7,5906.8,5901.7,5904.1,5902.7,5907.8,5902.7,5905.1
202009281638,5903.9,5906.6,5903.8,5905.8,5904.9,5907.6,5904.8,5906.8
202009281639,5905.9,5908.2,5904.3,5907.2,5906.9,5909.2,5905.3,5908.2
202009281640,5907.2,5907.4,5901.9,5903.8,5908.2,5908.4,5902.9,5904.8
202009281641,5903.8,5905.9,5902.2,5905.9,5904.8,5906.9,5903.2,5906.9
202009281642,5905.9,5905.9,5903.2,5904.3,5906.9,5906.9,5904.2,5905.3
202009281643,5904.3,5904.9,5900.2,5900.8,5905.3,5905.9,5901.2,5901.8
202009281644,5900.6,5904.6,5899.9,5903.2,5901.6,5905.6,5900.9,5904.2
202009281645,5903.2,5903.2,5899.3,5900.7,5904.2,5904.2,5900.3,5901.7
202009281646,5900.7,5904.3,5900.1,5902.8,5901.7,5905.3,5901.1,5903.8
202009281647,5902.6,5906.3,5902.2,5905.8,5903.6,5907.3,5903.2,5906.8
202009281648,5905.8,5906.6,5903.2,5903.4,5906.8,5907.6,5904.2,5904.4
202009281649,5903.4,5906.4,5903.3,5903.6,5904.4,5907.4,5904.3,5904.6
202009281650,5903.9,5909,5903.7,5908,5904.9,5910,5904.7,5909
202009281651,5908,5908.5,5904.7,5905.9,5909,5909.5,5905.7,5906.9
202009281652,5905.9,5910.3,5905.9,5909.3,5906.9,5911.3,5906.9,5910.3
202009281653,5909.3,5909.3,5905.8,5905.8,5910.3,5910.3,5906.8,5906.8
202009281654,5905.8,5906.9,5905.2,5905.3,5906.8,5907.9,5906.2,5906.3
202009281655,5905.3,5906.2,5903.8,5904.1,5906.3,5907.2,5904.8,5905.1
202009281656,5904.1,5904.3,5901.2,5901.3,5905.1,5905.3,5902.2,5902.3
202009281657,5901.3,5904.3,5901.1,5901.4,5902.3,5905.3,5902.1,5902.4
202009281658,5901.4,5901.4,5898,5900.3,5902.4,5902.4,5899,5901.3
202009281659,5900.3,5905.4,5900.3,5902.9,5901.3,5906.4,5901.3,5903.9
202009281700,5903.2,5903.2,5897.4,5897.4,5904.2,5904.2,5898.4,5898.4
202009281701,5897.4,5898,5894.3,5894.6,5898.4,5899.1,5895.3,5895.6
202009281702,5894.6,5895,5890.7,5890.7,5895.6,5896,5891.7,5891.7
202009281703,5891.6,5892.6,5887.6,5887.8,5892.6,5893.6,5888.6,5888.8
202009281704,5887.8,5887.8,5884.3,5884.3,5888.8,5888.8,5885.3,5885.3
202009281705,5884.3,5893.3,5884.3,5893.1,5885.3,5894.3,5885.3,5894.1
202009281706,5893.1,5895.2,5892.3,5894,5894.1,5896.2,5893.3,5895
202009281707,5894,5896.9,5894,5894.9,5895,5897.9,5895,5895.9
202009281708,5894.8,5896.2,5894.6,5895.4,5895.8,5897.2,5895.6,5896.4
202009281709,5895.8,5896.4,5894.1,5894.6,5896.8,5897.4,5895.1,5895.7
202009281710,5894.6,5898.3,5894.6,5895.4,5895.7,5899.3,5895.6,5896.4
202009281711,5895.4,5895.7,5891.9,5891.9,5896.4,5896.7,5892.9,5892.9
202009281712,5891.4,5893.4,5891.3,5892.2,5892.4,5894.4,5892.3,5893.2
202009281713,5892.2,5893,5890.9,5891.6,5893.2,5894,5891.9,5892.6
202009281714,5891.6,5893.4,5889.9,5890.4,5892.6,5894.4,5890.9,5891.4
202009281715,5890.4,5893.6,5890.1,5891.9,5891.4,5894.6,5891.1,5892.9
202009281716,5891.9,5897.2,5891.6,5897.2,5892.9,5898.2,5892.6,5898.2
202009281717,5897.2,5899.3,5895.9,5898.9,5898.2,5900.3,5896.9,5899.9
202009281718,5898.9,5899.9,5897.5,5898.1,5899.9,5900.9,5898.5,5899.1
202009281719,5898.1,5899.8,5897.7,5899.3,5899.1,5900.8,5898.7,5900.3
202009281720,5899.3,5899.3,5895.9,5896.8,5900.3,5900.3,5896.9,5897.9
202009281721,5896.8,5898.7,5896.7,5897.9,5897.9,5899.7,5897.7,5898.9
202009281722,5897.9,5903.3,5897.9,5899.2,5898.9,5904.3,5898.9,5900.2
202009281723,5899.2,5900.8,5895.8,5896,5900.2,5901.8,5896.8,5897
202009281724,5896,5896,5892.9,5893.2,5897,5897,5893.9,5894.2
202009281725,5893.2,5898,5892.6,5897.4,5894.2,5899,5893.6,5898.4
202009281726,5897.5,5898.3,5896.6,5898.2,5898.5,5899.3,5897.6,5899.2
202009281727,5897.9,5899.1,5897.4,5897.4,5898.9,5900.1,5898.4,5898.4
202009281728,5897.4,5898.4,5895.4,5896.3,5898.4,5899.4,5896.4,5897.3
202009281729,5896.3,5896.5,5893.4,5894.7,5897.3,5897.5,5894.4,5895.7
202009281730,5894.7,5896.4,5891.3,5892.4,5895.7,5897.4,5892.3,5893.4
202009281731,5892.1,5893.5,5891.1,5893.1,5893.1,5894.5,5892.1,5894.1
202009281732,5893.1,5897.1,5893.1,5897.1,5894.1,5898.1,5894.1,5898.1
202009281733,5897.4,5901.6,5894.8,5895.1,5898.4,5902.6,5895.8,5896.1
202009281734,5895.1,5897.9,5894.8,5896.9,5896.1,5898.9,5895.8,5897.9
202009281735,5896.9,5896.9,5894.8,5895.7,5897.9,5897.9,5895.8,5896.7
202009281736,5895.7,5896.3,5893.8,5893.9,5896.7,5897.3,5894.8,5894.9
202009281737,5893.9,5895.2,5893.7,5895,5894.9,5896.2,5894.7,5896
202009281738,5895,5895.9,5892.7,5894.7,5896,5896.9,5893.7,5895.7
202009281739,5894.7,5896.3,5893.6,5894.1,5895.7,5897.3,5894.6,5895.1
202009281740,5893.8,5894.3,5890.8,5891.6,5894.8,5895.3,5891.8,5892.6
202009281741,5891.6,5891.7,5889.8,5890.1,5892.6,5892.7,5890.8,5891.1
202009281742,5890.1,5891.3,5888.2,5890.6,5891.1,5892.3,5889.2,5891.6
202009281743,5890.4,5891.7,5889.6,5889.9,5891.4,5892.7,5890.6,5890.9
202009281744,5889.9,5890.1,5886.7,5886.9,5890.9,5891.1,5887.7,5887.9
202009281745,5886.9,5889.4,5886.6,5888.9,5887.9,5890.4,5887.6,5889.9
202009281746,5888.9,5889.2,5883.4,5883.8,5889.9,5890.2,5884.4,5884.8
202009281747,5883.8,5883.8,5881.6,5882.3,5884.8,5884.8,5882.6,5883.3
202009281748,5882.3,5883.1,5881.6,5882.1,5883.3,5884.1,5882.6,5883.1
202009281749,5882.4,5883.4,5881.7,5883.4,5883.4,5884.4,5882.7,5884.4
202009281750,5883.4,5884,5881.8,5882.3,5884.4,5885,5882.8,5883.3
202009281751,5882.3,5882.4,5879.1,5880.2,5883.3,5883.4,5880.1,5881.2
202009281752,5880.3,5880.3,5878,5879.7,5881.3,5881.3,5879,5880.7
202009281753,5879.7,5879.7,5876.3,5876.3,5880.7,5880.7,5877.3,5877.3
202009281754,5876.3,5878.7,5875.9,5876.1,5877.3,5879.7,5876.9,5877.1
202009281755,5876.1,5876.2,5873,5874.9,5877.1,5877.2,5874,5875.9
202009281756,5874.9,5875.5,5873.4,5874.3,5875.9,5876.5,5874.4,5875.3
202009281757,5874.3,5874.3,5873.1,5873.4,5875.3,5875.3,5874.1,5874.4
202009281758,5873.6,5878.5,5872.9,5878.3,5874.6,5879.5,5873.9,5879.3
202009281759,5878.3,5879.4,5877.2,5879,5879.3,5880.4,5878.2,5880
202009281800,5879,5881.8,5878.6,5881.8,5880,5882.8,5879.6,5882.8
202009281801,5881.8,5884.4,5881.8,5882.5,5882.8,5885.4,5882.8,5883.5
202009281802,5882.5,5884.9,5881.4,5884.6,5883.5,5885.9,5882.4,5885.7
202009281803,5884.6,5884.7,5877.7,5877.9,5885.7,5885.7,5878.7,5878.9
202009281804,5877.8,5877.8,5875.3,5875.8,5878.8,5878.8,5876.3,5876.8
202009281805,5875.8,5877.8,5875.1,5877.5,5876.8,5878.8,5876.1,5878.5
202009281806,5877.6,5878.2,5875.8,5875.9,5878.6,5879.2,5876.8,5876.9
202009281807,5875.9,5878.9,5875.9,5878.9,5876.9,5879.9,5876.9,5879.9
202009281808,5878.9,5879.6,5878.1,5878.9,5879.9,5880.6,5879.1,5879.9
202009281809,5878.8,5882.4,5878.8,5882.3,5879.8,5883.4,5879.8,5883.3
202009281810,5882.3,5882.4,5878.6,5879.7,5883.3,5883.4,5879.6,5880.7
202009281811,5879.7,5880.1,5878.2,5878.2,5880.7,5881.1,5879.2,5879.2
202009281812,5878.1,5879.8,5877.9,5879.3,5879.1,5880.8,5878.9,5880.3
202009281813,5879.3,5879.3,5877.5,5878.2,5880.3,5880.3,5878.5,5879.2
202009281814,5878.2,5882,5878.2,5879.9,5879.2,5883,5879.2,5880.9
202009281815,5879.9,5880.4,5877.3,5877.6,5880.9,5881.4,5878.3,5878.6
202009281816,5877.6,5880.7,5877.6,5880.7,5878.6,5881.7,5878.6,5881.7
202009281817,5880.7,5880.7,5879.2,5879.9,5881.7,5881.7,5880.2,5880.9
202009281818,5879.9,5881.3,5879.7,5881.3,5880.9,5882.3,5880.7,5882.3
202009281819,5881.3,5882.2,5881.1,5881.9,5882.3,5883.2,5882.1,5882.9
202009281820,5881.9,5886,5881.9,5884.6,5882.9,5887,5882.9,5885.6
202009281821,5884.6,5885.4,5882.6,5883,5885.6,5886.4,5883.6,5884
202009281822,5883,5883.4,5881.1,5882.8,5884,5884.4,5882.2,5883.8
202009281823,5882.8,5882.8,5879.2,5879.6,5883.8,5883.8,5880.2,5880.6
202009281824,5879.6,5882.9,5879.6,5880.6,5880.6,5883.9,5880.6,5881.6
202009281825,5880.2,5882.3,5879.8,5880.1,5881.2,5883.3,5880.8,5881.1
202009281826,5880.1,5882.9,5879.2,5882.9,5881.1,5883.9,5880.2,5883.9
202009281827,5882.9,5883,5879.9,5881.3,5883.9,5884,5880.9,5882.3
202009281828,5881.3,5881.4,5879.7,5881.3,5882.3,5882.4,5880.7,5882.3
202009281829,5881.3,5884.6,5881.3,5884.6,5882.3,5885.6,5882.3,5885.6
202009281830,5884.6,5886.8,5883.5,5886.8,5885.6,5887.8,5884.5,5887.8
202009281831,5886.8,5887.7,5884.4,5885,5887.8,5888.7,5885.4,5886
202009281832,5885,5885.4,5883.1,5883.4,5886,5886.4,5884.1,5884.4
202009281833,5883.4,5883.4,5880.6,5882.2,5884.4,5884.4,5881.6,5883.2
202009281834,5882.2,5882.8,5880.6,5881.9,5883.2,5883.8,5881.7,5882.9
202009281835,5881.9,5882.2,5879.3,5880.7,5882.9,5883.2,5880.3,5881.7
202009281836,5880.6,5885.7,5880.6,5885.2,5881.6,5886.7,5881.6,5886.2
202009281837,5885.2,5885.3,5884.3,5884.8,5886.2,5886.3,5885.3,5885.8
202009281838,5884.8,5886.9,5884.6,5885.2,5885.8,5887.9,5885.6,5886.2
202009281839,5885.2,5887.9,5884.8,5887.3,5886.2,5888.9,5885.8,5888.3
202009281840,5887.3,5888.9,5887.3,5888.4,5888.3,5889.9,5888.3,5889.4
202009281841,5888.4,5888.9,5887.2,5888.9,5889.4,5889.9,5888.2,5889.9
202009281842,5888.9,5889.5,5887.1,5887.2,5889.9,5890.5,5888.1,5888.2
202009281843,5887.2,5887.9,5886,5886.8,5888.2,5888.9,5887,5887.8
202009281844,5886.8,5887.7,5884.7,5887.7,5887.8,5888.7,5885.7,5888.7
202009281845,5887.7,5887.9,5885.9,5887.2,5888.7,5888.9,5886.9,5888.2
202009281846,5887.2,5887.2,5885.5,5886.6,5888.2,5888.2,5886.5,5887.6
202009281847,5886.6,5889.4,5886.2,5889.3,5887.6,5890.4,5887.2,5890.3
202009281848,5889.3,5889.6,5887.6,5888.8,5890.3,5890.6,5888.6,5889.8
202009281849,5888.8,5889.4,5888.3,5889,5889.8,5890.4,5889.3,5890
202009281850,5888.9,5889.9,5888.6,5889.8,5889.9,5890.9,5889.6,5890.8
202009281851,5889.8,5890.5,5888.9,5890.4,5890.8,5891.5,5889.9,5891.4
202009281852,5890.4,5893.8,5890.4,5893.1,5891.4,5894.8,5891.4,5894.1
202009281853,5893.1,5893.2,5891.4,5891.8,5894.1,5894.2,5892.4,5892.8
202009281854,5891.8,5892.1,5890.8,5891.6,5892.8,5893.1,5891.8,5892.6
202009281855,5891.6,5892.9,5891.2,5891.3,5892.6,5893.9,5892.2,5892.3
202009281856,5891.3,5891.4,5889.2,5889.3,5892.3,5892.4,5890.2,5890.3
202009281857,5889.3,5889.3,5887.4,5888.6,5890.3,5890.3,5888.4,5889.6
202009281858,5888.6,5889,5886.3,5887.7,5889.6,5890,5887.3,5888.7
202009281859,5888.2,5888.6,5886.1,5888.6,5889.2,5889.6,5887.1,5889.6
202009281900,5888.6,5889.1,5886.9,5887.7,5889.6,5890.1,5887.9,5888.7
202009281901,5887.7,5887.7,5884.6,5884.7,5888.7,5888.7,5885.6,5885.7
202009281902,5884.7,5889,5884.7,5888.3,5885.7,5890,5885.7,5889.3
202009281903,5888.3,5891.5,5888,5891.5,5889.3,5892.5,5889,5892.5
202009281904,5891.5,5894.2,5891.5,5894.2,5892.5,5895.2,5892.5,5895.2
202009281905,5894.1,5894.7,5891.6,5891.8,5895.1,5895.7,5892.6,5892.8
202009281906,5891.8,5894.2,5891.6,5892.3,5892.8,5895.2,5892.6,5893.3
202009281907,5892.3,5894.4,5892.3,5893.7,5893.3,5895.4,5893.3,5894.7
202009281908,5893.7,5895.3,5893.1,5894.2,5894.7,5896.3,5894.1,5895.2
202009281909,5894.2,5897.2,5893.9,5897.2,5895.2,5898.2,5894.9,5898.2
202009281910,5897.2,5898,5895.9,5897.9,5898.2,5899,5896.9,5898.9
202009281911,5897.9,5899.7,5897.5,5897.5,5898.9,5900.7,5898.5,5898.5
202009281912,5897.4,5898.3,5896.5,5896.7,5898.4,5899.3,5897.5,5897.7
202009281913,5896.7,5897.2,5895.6,5896.1,5897.7,5898.2,5896.6,5897.1
202009281914,5896.1,5898.8,5896,5897.7,5897.1,5899.8,5897,5898.7
202009281915,5897.7,5897.7,5894.6,5894.6,5898.7,5898.7,5895.6,5895.6
202009281916,5894.6,5898.1,5894.2,5897.3,5895.6,5899.1,5895.2,5898.3
202009281917,5897.3,5901.2,5897.3,5901.1,5898.3,5902.2,5898.3,5902.1
202009281918,5901.1,5902.4,5900.6,5901.9,5902.1,5903.4,5901.6,5902.9
202009281919,5901.9,5902.4,5900.1,5901.7,5902.9,5903.4,5901.1,5902.7
202009281920,5901.7,5903.1,5900.5,5900.8,5902.7,5904.1,5901.5,5901.8
202009281921,5900.8,5902.1,5900.2,5901.8,5901.8,5903.1,5901.2,5902.8
202009281922,5901.8,5903.5,5901.8,5902,5902.8,5904.5,5902.8,5903
202009281923,5902,5902,5899.4,5900.2,5903,5903,5900.4,5901.2
202009281924,5900.2,5904.2,5900.2,5903.6,5901.2,5905.2,5901.2,5904.6
202009281925,5903.6,5904.5,5903.1,5903.1,5904.6,5905.5,5904.1,5904.1
202009281926,5903.1,5904.1,5903.1,5903.9,5904.1,5905.1,5904.1,5904.9
202009281927,5903.9,5903.9,5901.1,5901.9,5904.9,5904.9,5902.1,5902.9
202009281928,5901.9,5902.1,5896.1,5898.7,5902.9,5903.1,5897.1,5899.7
202009281929,5898.7,5898.9,5897.4,5898.9,5899.7,5899.9,5898.4,5899.9
202009281930,5898.9,5899.9,5897.7,5899,5899.9,5900.9,5898.7,5900
202009281931,5899,5901,5898.6,5901,5900,5902,5899.6,5902
202009281932,5901,5903.2,5900.8,5901.8,5902,5904.2,5901.8,5902.8
202009281933,5901.8,5902.3,5900.7,5900.8,5902.8,5903.3,5901.7,5901.8
202009281934,5900.7,5900.7,5898.6,5898.8,5901.7,5901.7,5899.6,5899.8
202009281935,5898.8,5898.8,5895.1,5895.8,5899.8,5899.8,5896.1,5896.8
202009281936,5895.8,5896.6,5895.4,5896.6,5896.8,5897.6,5896.4,5897.6
202009281937,5896.6,5899.8,5896.5,5899.5,5897.6,5900.8,5897.5,5900.5
202009281938,5899.5,5899.5,5896.2,5899.3,5900.5,5900.5,5897.2,5900.3
202009281939,5899.2,5900.5,5897.9,5898.6,5900.2,5901.5,5898.9,5899.6
202009281940,5898.9,5902.2,5898.9,5900.8,5899.9,5903.2,5899.9,5901.8
202009281941,5900.8,5902.4,5900.8,5901.3,5901.8,5903.4,5901.8,5902.3
202009281942,5901.4,5901.4,5900,5900,5902.4,5902.4,5901,5901
202009281943,5900,5900.7,5899.5,5900.6,5901,5901.7,5900.5,5901.6
202009281944,5900.6,5900.6,5896.7,5896.8,5901.6,5901.6,5897.7,5897.8
202009281945,5896.8,5899.5,5896.8,5897.8,5897.8,5900.5,5897.8,5898.8
202009281946,5897.8,5898.2,5896.2,5896.6,5898.8,5899.2,5897.2,5897.6
202009281947,5896.6,5896.8,5895.2,5896.8,5897.6,5897.8,5896.2,5897.8
202009281948,5896.8,5896.8,5895.2,5896.1,5897.8,5897.8,5896.2,5897.1
202009281949,5896.2,5899.1,5896,5899.1,5897.2,5900.1,5897,5900.1
202009281950,5899.1,5900.6,5899.1,5900.4,5900.1,5901.6,5900.1,5901.4
202009281951,5900.4,5901.7,5899.1,5899.8,5901.4,5902.7,5900.1,5900.8
202009281952,5899.8,5901.7,5899.1,5901.7,5900.8,5902.7,5900.1,5902.7
202009281953,5901.7,5902.1,5900.7,5901.6,5902.7,5903.1,5901.7,5902.6
202009281954,5901.6,5902.5,5901.1,5902.2,5902.6,5903.5,5902.1,5903.2
202009281955,5902.2,5903.7,5901.9,5902.4,5903.2,5904.7,5902.9,5903.4
202009281956,5902.4,5903.2,5901.5,5901.9,5903.4,5904.2,5902.5,5902.9
202009281957,5901.9,5901.9,5900.1,5900.4,5902.9,5902.9,5901.1,5901.4
202009281958,5900.4,5901.7,5897.9,5897.9,5901.4,5902.7,5898.9,5898.9
202009281959,5897.9,5898.2,5893.8,5896.9,5898.9,5899.2,5894.8,5897.9
202009282000,5896.9,5897.2,5892.2,5892.2,5897.9,5898.2,5893.2,5893.2
202009282001,5892.2,5892.6,5890.6,5890.6,5893.2,5893.6,5891.6,5891.6
202009282002,5890.6,5892.7,5889.9,5890.9,5891.6,5893.7,5890.9,5891.9
202009282003,5890.9,5891.1,5889.7,5890.6,5891.9,5892.1,5890.7,5891.6
202009282004,5890.8,5891.4,5888.6,5889.2,5891.8,5892.4,5889.6,5890.2
202009282005,5889.2,5891,5889,5889.5,5890.2,5892,5890,5890.5
202009282006,5889.5,5891.4,5889.2,5890.8,5890.5,5892.4,5890.2,5891.8
202009282007,5890.8,5892,5890.4,5891.3,5891.8,5893,5891.4,5892.3
202009282008,5891.2,5891.9,5889.7,5891,5892.2,5892.9,5890.7,5892
202009282009,5891,5891.6,5885.8,5885.8,5892,5892.6,5886.8,5886.8
202009282010,5885.8,5888.5,5885.2,5885.3,5886.8,5889.5,5886.2,5886.3
202009282011,5885.3,5885.3,5882.2,5883.1,5886.3,5886.3,5883.2,5884.1
202009282012,5883.1,5885.2,5882.6,5884.6,5884.1,5886.2,5883.6,5885.6
202009282013,5884.6,5886.3,5884.6,5886.1,5885.6,5887.3,5885.6,5887.1
202009282014,5886.1,5886.1,5884.4,5885.2,5887.1,5887.1,5885.4,5886.2
202009282015,5885.2,5887.9,5884.2,5887.9,5886.2,5888.9,5885.2,5888.9
202009282016,5887.9,5891.6,5887.8,5891.6,5888.9,5892.6,5888.8,5892.6
202009282017,5891.6,5892,5888.6,5888.6,5892.6,5893,5889.6,5889.6
202009282018,5888.6,5889.4,5886.1,5886.2,5889.6,5890.4,5887.1,5887.2
202009282019,5886.2,5887.3,5884.6,5887,5887.2,5888.3,5885.6,5888
202009282020,5887,5888.4,5886.4,5887.6,5888,5889.4,5887.6,5888.6
202009282021,5887.6,5889.4,5886.8,5889.2,5888.6,5890.4,5887.8,5890.2
202009282022,5889.4,5891.4,5888.3,5888.3,5890.4,5892.4,5889.3,5889.3
202009282023,5888.3,5889.9,5887.9,5889.6,5889.3,5890.9,5888.9,5890.6
202009282024,5889.8,5890.2,5887.6,5888.8,5890.8,5891.2,5888.6,5889.8
202009282025,5888.8,5889.7,5888.3,5888.6,5889.8,5890.7,5889.3,5889.6
202009282026,5888.5,5890.8,5888.5,5890.8,5889.5,5891.8,5889.5,5891.8
202009282027,5890.8,5892.5,5890.5,5892.2,5891.8,5893.5,5891.5,5893.2
202009282028,5892.2,5892.5,5890.3,5890.3,5893.2,5893.5,5891.3,5891.3
202009282029,5890.2,5890.2,5888.5,5889.1,5891.2,5891.2,5889.5,5890.1
202009282030,5889.1,5892.1,5889.1,5891.6,5890.1,5893.1,5890.1,5892.6
202009282031,5891.6,5894.1,5891.6,5893.6,5892.6,5895.1,5892.6,5894.6
202009282032,5893.9,5895.1,5893.9,5894.6,5894.9,5896.1,5894.9,5895.6
202009282033,5894.5,5894.9,5893.8,5894.6,5895.5,5895.9,5894.8,5895.6
202009282034,5894.6,5895.4,5893.8,5894.1,5895.6,5896.4,5894.8,5895.1
202009282035,5894,5894.1,5891.9,5892.6,5895,5895.1,5892.9,5893.6
202009282036,5892.6,5894.2,5892.6,5892.9,5893.6,5895.2,5893.6,5893.9
202009282037,5892.9,5894.9,5892.7,5894.8,5893.9,5895.9,5893.7,5895.8
202009282038,5894.8,5896.6,5894.3,5895.7,5895.8,5897.6,5895.3,5896.7
202009282039,5895.7,5896.7,5895.2,5895.3,5896.7,5897.7,5896.2,5896.3
202009282040,5895.3,5897.4,5893.5,5896.2,5896.3,5898.4,5894.5,5897.2
202009282041,5896.2,5896.2,5894.6,5895.8,5897.2,5897.2,5895.6,5896.8
202009282042,5895.9,5898.5,5895.9,5898.5,5896.9,5899.5,5896.9,5899.5
202009282043,5898.5,5899.1,5897.6,5898.6,5899.5,5900.1,5898.6,5899.6
202009282044,5898.6,5899.8,5898.5,5898.9,5899.6,5901.1,5899.5,5899.9
202009282045,5898.9,5899.2,5896.2,5897.7,5899.9,5900.2,5897.2,5898.7
202009282046,5897.7,5898.9,5896.6,5898.7,5898.7,5899.9,5897.6,5899.7
202009282047,5898.7,5898.7,5898,5898.3,5899.7,5899.7,5899,5899.3
202009282048,5898,5898.7,5896.7,5898.6,5899,5899.7,5897.7,5899.6
202009282049,5898.6,5899.1,5898.3,5898.6,5899.6,5900.1,5899.3,5899.6
202009282050,5898.7,5899.9,5898.7,5898.8,5899.7,5900.9,5899.7,5899.8
202009282051,5898.8,5898.8,5895.8,5898.5,5899.8,5899.8,5896.8,5899.5
202009282052,5898.5,5899.7,5897.6,5897.6,5899.5,5900.7,5898.6,5898.6
202009282053,5897.6,5899.8,5897.6,5899.1,5898.6,5900.8,5898.6,5900.1
202009282054,5899.1,5902.4,5898.8,5899.1,5900.1,5903.4,5899.8,5900.1
202009282055,5899.1,5900.6,5899.1,5900.6,5900.1,5901.6,5900.1,5901.6
202009282056,5900.5,5900.5,5899.2,5899.6,5901.5,5901.5,5900.2,5900.6
202009282057,5899.6,5902.7,5899.6,5902.7,5900.6,5903.7,5900.6,5903.7
202009282058,5902.7,5903.2,5902.4,5902.6,5903.7,5904.2,5903.4,5903.6
202009282059,5902.6,5905,5902.3,5904.8,5903.6,5906,5903.3,5905.8
202009282100,5904.8,5905.5,5904.5,5904.7,5905.8,5906.5,5905.5,5905.7
202009282101,5904.7,5906.4,5901.3,5901.3,5905.7,5907.4,5902.3,5902.3
202009282102,5901.5,5906.3,5901.5,5906.2,5902.5,5907.3,5902.5,5907.2
202009282103,5906.2,5906.3,5905.4,5905.7,5907.2,5907.3,5906.4,5906.7
202009282104,5905.7,5906.1,5903.7,5906.1,5906.7,5907.1,5904.7,5907.1
202009282105,5906.1,5908.6,5905.1,5908.3,5907.1,5909.6,5906.1,5909.3
202009282106,5908.3,5909.8,5907.6,5907.9,5909.3,5910.8,5908.6,5908.9
202009282107,5907.9,5908.4,5906.8,5908.1,5908.9,5909.4,5907.8,5909.1
202009282108,5908.1,5910.1,5908,5909.3,5909.1,5911.1,5909,5910.3
202009282109,5909.3,5911.4,5908.6,5911,5910.3,5912.4,5909.6,5912
202009282110,5911,5911.6,5907.4,5908.3,5912,5912.6,5908.4,5909.3
202009282111,5908.3,5909.7,5907.6,5909.5,5909.3,5910.7,5908.6,5910.5
202009282112,5909.5,5910.8,5908.4,5910.7,5910.5,5911.8,5909.4,5911.7
202009282113,5910.7,5911,5909.2,5909.3,5911.7,5912,5910.2,5910.3
202009282114,5909.3,5913.4,5909.3,5913.4,5910.3,5914.4,5910.3,5914.4
202009282115,5913.4,5916.1,5912.4,5912.6,5914.4,5917.1,5913.4,5913.6
202009282116,5912.6,5913.6,5912.4,5913.2,5913.6,5914.6,5913.4,5914.2
202009282117,5913.2,5913.8,5912.4,5913.2,5914.2,5914.8,5913.4,5914.2
202009282118,5913.2,5914.7,5913.2,5914.7,5914.2,5915.7,5914.2,5915.7
202009282119,5914.7,5915.7,5914.1,5914.2,5915.7,5916.7,5915.1,5915.2
202009282120,5914.2,5917.6,5914.2,5916.2,5915.2,5918.6,5915.2,5917.2
202009282121,5916.2,5916.2,5915.5,5916.2,5917.2,5917.2,5916.5,5917.2
202009282122,5916.2,5917,5914.8,5915.4,5917.2,5918,5915.8,5916.4
202009282123,5915.4,5919.4,5915.4,5917.1,5916.4,5920.4,5916.4,5918.1
202009282124,5917,5921.4,5917,5921.4,5918,5922.4,5918,5922.4
202009282125,5921.4,5922.6,5920.2,5921.4,5922.4,5923.6,5921.2,5922.4
202009282126,5921.3,5922.4,5920.6,5921.2,5922.3,5923.4,5921.6,5922.2
202009282127,5921.2,5922.2,5919.8,5920.3,5922.2,5923.2,5920.8,5921.3
202009282128,5920.3,5921,5919.7,5919.7,5921.3,5922,5920.7,5920.7
202009282129,5919.6,5920.3,5918.5,5918.8,5920.6,5921.3,5919.5,5919.8
202009282130,5918.8,5921,5918.8,5920.7,5919.8,5922,5919.8,5921.7
202009282131,5920.7,5922,5920.7,5921,5921.7,5923,5921.7,5922
202009282132,5921,5922.6,5920.3,5921,5922,5923.6,5921.3,5922
202009282133,5921,5921,5919.8,5920.6,5922,5922,5920.8,5921.6
202009282134,5920.6,5922,5919.8,5920,5921.6,5923,5920.8,5921
202009282135,5920,5921.6,5919.7,5920.7,5921,5922.6,5920.7,5921.7
202009282136,5920.7,5920.8,5919.6,5919.8,5921.7,5921.8,5920.6,5920.8
202009282137,5919.8,5920.6,5919.2,5919.4,5920.8,5921.6,5920.2,5920.4
202009282138,5919.4,5921.2,5918.8,5921.2,5920.4,5922.2,5919.8,5922.2
202009282139,5921.2,5921.4,5920.1,5920.2,5922.2,5922.4,5921.1,5921.2
202009282140,5920.2,5921.5,5920.2,5920.7,5921.2,5922.5,5921.2,5921.7
202009282141,5920.7,5921.5,5920.7,5920.9,5921.7,5922.5,5921.7,5921.9
202009282142,5921,5921.5,5920.1,5920.3,5922,5922.5,5921.1,5921.3
202009282143,5920.3,5921.2,5919.9,5920.4,5921.3,5922.2,5920.9,5921.4
202009282144,5920.4,5921.4,5919.9,5921.3,5921.4,5922.4,5920.9,5922.3
202009282145,5921.3,5921.3,5919.8,5920.4,5922.3,5922.3,5920.8,5921.4
202009282146,5920.4,5920.7,5920.1,5920.6,5921.4,5921.7,5921.1,5921.6
202009282147,5920.6,5920.6,5918.5,5918.5,5921.6,5921.6,5919.5,5919.5
202009282148,5918.6,5920.3,5918.5,5920.3,5919.6,5921.3,5919.5,5921.3
202009282149,5920.2,5922.5,5920.2,5922.2,5921.2,5923.5,5921.2,5923.2
202009282150,5922.2,5922.5,5921.2,5921.7,5923.2,5923.5,5922.2,5922.7
202009282151,5921.7,5921.9,5918.5,5919.2,5922.7,5922.9,5919.5,5920.2
202009282152,5919.2,5919.2,5915.7,5916.1,5920.2,5920.2,5916.7,5917.1
202009282153,5916.1,5917.9,5915.1,5917.3,5917.1,5918.9,5916.1,5918.3
202009282154,5917.3,5918.3,5915.5,5915.5,5918.3,5919.3,5916.5,5916.5
202009282155,5915.5,5918.1,5915.4,5917.2,5916.5,5919.1,5916.4,5918.2
202009282156,5917.2,5917.2,5913.6,5913.6,5918.2,5918.2,5914.6,5914.6
202009282157,5913.6,5916.4,5913.6,5915.9,5914.6,5917.4,5914.6,5916.9
202009282158,5916.4,5916.5,5914.6,5914.6,5917.4,5917.5,5915.6,5915.6
202009282159,5914.6,5915.7,5914.1,5914.3,5915.6,5916.7,5915.1,5915.3
202009282200,5914.3,5915.6,5913.5,5915.3,5915.3,5916.6,5914.5,5916.3
202009282201,5915.1,5915.7,5914.7,5915.5,5916.1,5916.7,5915.7,5916.5
202009282202,5915.5,5917.9,5915.4,5915.6,5916.5,5918.9,5916.4,5916.6
202009282203,5915.6,5916.3,5913.6,5914.4,5916.6,5917.3,5914.6,5915.4
202009282204,5914.4,5914.6,5912.8,5913.7,5915.4,5915.6,5913.8,5914.7
202009282205,5913.7,5913.7,5913.2,5913.6,5914.7,5914.7,5914.2,5914.6
202009282206,5913.6,5916,5913.6,5915.3,5914.6,5917,5914.6,5916.3
202009282207,5915.3,5916.4,5914.2,5915.2,5916.3,5917.4,5915.2,5916.2
202009282208,5915.2,5915.4,5913.3,5914.6,5916.2,5916.4,5914.3,5915.6
202009282209,5914.6,5915.6,5914.4,5914.4,5915.6,5916.6,5915.4,5915.4
202009282210,5914.4,5915.5,5914.4,5914.9,5915.4,5916.5,5915.4,5915.9
202009282211,5914.9,5915,5913.9,5914.9,5915.9,5916,5914.9,5915.9
202009282212,5915,5915.5,5911.6,5911.6,5916,5916.5,5912.6,5912.6
202009282213,5911.7,5912.9,5911.5,5912.2,5912.7,5913.9,5912.5,5913.2
202009282214,5912.2,5912.9,5911.1,5912.4,5913.2,5913.9,5912.1,5913.4
202009282215,5912.4,5912.8,5911.6,5911.8,5913.4,5913.8,5912.6,5912.8
202009282216,5911.8,5912.6,5911.3,5912.1,5912.8,5913.6,5912.3,5913.1
202009282217,5912.1,5912.6,5911.4,5911.4,5913.1,5913.6,5912.4,5912.4
202009282218,5911.4,5911.7,5909.7,5909.9,5912.4,5912.7,5910.7,5910.9
202009282219,5909.9,5910.4,5909.1,5910.4,5910.9,5911.4,5910.1,5911.4
202009282220,5910.4,5911.3,5909.8,5911.3,5911.4,5912.3,5910.8,5912.3
202009282221,5911.3,5911.7,5909.9,5911.7,5912.3,5912.7,5910.9,5912.7
202009282222,5911.6,5912.3,5911.3,5911.9,5912.6,5913.3,5912.3,5912.9
202009282223,5911.9,5912.5,5911.4,5912.2,5912.9,5913.5,5912.4,5913.2
202009282224,5912.1,5912.4,5910.4,5911,5913.1,5913.4,5911.4,5912
202009282225,5911,5911.6,5909.8,5910.8,5912,5912.6,5910.8,5911.8
202009282226,5910.8,5910.8,5908.6,5909.6,5911.8,5911.8,5909.6,5910.6
202009282227,5909.6,5912.2,5908.7,5910.8,5910.6,5913.2,5909.7,5911.8
202009282228,5910.8,5911.4,5909.2,5911.3,5911.8,5912.4,5910.2,5912.3
202009282229,5911.3,5913.7,5911.3,5913.4,5912.3,5914.7,5912.3,5914.4
202009282230,5913.4,5915.3,5910.9,5915.3,5914.4,5916.3,5911.9,5916.3
202009282231,5915.3,5921.5,5914.6,5921.4,5916.3,5922.5,5915.6,5922.4
202009282232,5921.4,5921.5,5917.8,5919,5922.4,5922.5,5918.8,5920
202009282233,5919,5920.1,5918.4,5919.2,5920,5921.1,5919.4,5920.2
202009282234,5919.2,5919.4,5916.4,5918.2,5920.2,5920.4,5917.4,5919.2
202009282235,5918.2,5920.4,5917.5,5918.4,5919.2,5921.4,5918.5,5919.4
202009282236,5918.4,5920,5916.9,5916.9,5919.4,5921,5917.9,5917.9
202009282237,5916.9,5916.9,5913.8,5913.8,5917.9,5917.9,5914.8,5914.8
202009282238,5913.8,5914,5912,5912.7,5914.8,5915,5913,5913.7
202009282239,5912.7,5914.9,5912.4,5912.4,5913.7,5915.9,5913.4,5913.4
202009282240,5912.4,5913.6,5911.5,5912.8,5913.4,5914.6,5912.5,5913.8
202009282241,5912.8,5914.3,5912.1,5912.5,5913.8,5915.3,5913.1,5913.5
202009282242,5912.5,5913.5,5910.7,5911,5913.5,5914.5,5911.7,5912
202009282243,5911,5911.6,5907.7,5907.7,5912,5912.6,5908.7,5908.7
202009282244,5907.9,5907.9,5904.1,5905.5,5908.9,5908.9,5905.1,5906.5
202009282245,5905.5,5909.3,5905.5,5909.3,5906.5,5910.3,5906.5,5910.3
202009282246,5909.3,5913.3,5908.8,5912.1,5910.3,5914.3,5909.8,5913.1
202009282247,5911.9,5912.7,5909.5,5911.8,5912.9,5913.7,5910.5,5912.8
202009282248,5911.8,5913.6,5911,5911,5912.8,5914.6,5912,5912
202009282249,5911,5911,5908.8,5909,5912,5912,5909.8,5910
202009282250,5909,5909.2,5904.9,5906.9,5910,5910.2,5905.9,5907.9
202009282251,5906.8,5908.6,5906.2,5907.3,5907.8,5909.6,5907.2,5908.3
202009282252,5907.3,5909.9,5905.6,5908.5,5908.3,5910.9,5906.6,5909.5
202009282253,5908.9,5908.9,5905.9,5906.7,5909.9,5909.9,5906.9,5907.7
202009282254,5906.7,5906.7,5901.8,5902.2,5907.7,5907.7,5902.8,5903.2
202009282255,5902.2,5904.7,5901.6,5904,5903.2,5905.7,5902.6,5905
202009282256,5904,5907,5904,5904.7,5905,5908,5905,5905.7
202009282257,5904.7,5909.7,5904.7,5909.5,5905.7,5910.7,5905.7,5910.5
202009282258,5909.7,5912.8,5909.7,5912.6,5910.7,5913.8,5910.7,5913.6
202009282259,5912.6,5912.6,5909.1,5910.9,5913.6,5913.6,5910.1,5911.9
202009282300,5910.9,5912.1,5908.5,5908.9,5911.9,5913.1,5909.5,5909.9
202009282301,5908.9,5911,5906.5,5906.5,5909.9,5912,5907.5,5907.5
202009282302,5906.5,5909,5904.9,5908.8,5907.5,5910,5905.9,5909.8
202009282303,5908.8,5911.9,5908.8,5911.3,5909.8,5912.9,5909.8,5912.3
202009282304,5911.3,5912,5909.2,5910.6,5912.3,5913,5910.2,5911.6
202009282305,5910.6,5912,5909,5911.4,5911.6,5913,5910,5912.4
202009282306,5911.4,5913.6,5908.5,5912.8,5912.4,5914.6,5909.5,5913.8
202009282307,5912.8,5913.9,5909.8,5913,5913.8,5914.9,5910.8,5914
202009282308,5913,5915.1,5912.1,5912.4,5914,5916.1,5913.1,5913.4
202009282309,5912.4,5912.4,5909.3,5909.8,5913.4,5913.4,5910.3,5910.8
202009282310,5909.8,5912,5909.5,5909.5,5910.8,5913,5910.5,5910.5
202009282311,5909.5,5912.1,5909.5,5910.3,5910.5,5913.1,5910.5,5911.3
202009282312,5910.3,5911,5909.8,5910.8,5911.3,5912,5910.8,5911.8
202009282313,5910.8,5914.4,5910.8,5914.1,5911.8,5915.4,5911.8,5915.1
202009282314,5914.1,5915.2,5913,5914.5,5915.1,5916.2,5914,5915.5
202009282315,5914.5,5917.6,5914.5,5916.1,5915.5,5918.6,5915.5,5917.1
202009282316,5916.1,5917.6,5914.4,5915.8,5917.1,5918.6,5915.4,5916.8
202009282317,5915.8,5919.8,5915.7,5919.5,5916.8,5920.8,5916.7,5920.5
202009282318,5919.5,5920.7,5916.6,5916.6,5920.5,5921.7,5917.6,5917.6
202009282319,5916.7,5918.4,5916.7,5917.3,5917.7,5919.4,5917.7,5918.3
202009282320,5917.3,5919.1,5917.3,5917.7,5918.3,5920.1,5918.3,5918.7
202009282321,5917.7,5922.1,5917.7,5921,5918.7,5923.1,5918.7,5922
202009282322,5921,5923.1,5920.5,5920.9,5922,5924.1,5921.5,5921.9
202009282323,5920.9,5921.1,5919.4,5920,5921.9,5922.1,5920.4,5921
202009282324,5920,5920.4,5917.6,5920.4,5921,5921.4,5918.6,5921.4
202009282325,5920.3,5922.2,5919.7,5920.9,5921.3,5923.2,5920.7,5921.9
202009282326,5920.9,5921.9,5919.7,5920,5921.9,5922.9,5920.7,5921
202009282327,5920,5920.3,5917.5,5918.7,5921,5921.3,5918.5,5919.7
202009282328,5918.7,5919.9,5917.4,5917.6,5919.7,5920.9,5918.4,5918.6
202009282329,5917.6,5917.7,5913.6,5913.7,5918.6,5918.7,5914.6,5914.7
202009282330,5913.7,5917.3,5913.7,5916.6,5914.7,5918.3,5914.7,5917.6
202009282331,5916.6,5920.2,5916.6,5919.3,5917.6,5921.2,5917.6,5920.3
202009282332,5919.3,5921.1,5918.3,5921,5920.3,5922.1,5919.3,5922
202009282333,5921,5921,5919,5920.7,5922,5922,5920,5921.7
202009282334,5920.7,5922.9,5920.6,5922.9,5921.7,5923.9,5921.6,5923.9
202009282335,5922.9,5924.9,5921.8,5923,5923.9,5925.9,5922.8,5924
202009282336,5923,5923,5920.2,5921.6,5924,5924,5921.2,5922.6
202009282337,5921.6,5922.3,5919.3,5921.3,5922.6,5923.3,5920.3,5922.3
202009282338,5921.3,5921.9,5919.1,5919.9,5922.3,5922.9,5920.1,5920.9
202009282339,5919.9,5920.1,5916.9,5916.9,5920.9,5921.1,5917.9,5917.9
202009282340,5916.9,5923.1,5916.7,5921.5,5917.9,5924.1,5917.7,5922.5
202009282341,5921.5,5923.6,5920.1,5923.6,5922.5,5924.6,5921.1,5924.6
202009282342,5923.6,5923.6,5919.8,5920.9,5924.6,5924.6,5920.8,5921.9
202009282343,5920.9,5921,5918.5,5918.9,5921.9,5922,5919.5,5919.9
202009282344,5918.9,5922.9,5918.2,5922,5919.9,5923.9,5919.2,5923
202009282345,5922,5923.7,5919.7,5919.7,5923,5924.7,5920.7,5920.7
202009282346,5919.7,5920.6,5917.5,5920.3,5920.7,5921.6,5918.5,5921.3
202009282347,5920.4,5921.5,5918.1,5918.1,5921.4,5922.5,5919.1,5919.1
202009282348,5918.1,5918.3,5915.5,5915.5,5919.1,5919.3,5916.5,5916.5
202009282349,5915.5,5916.7,5915.4,5916.1,5916.5,5917.7,5916.4,5917.1
202009282350,5916.1,5917.7,5913.8,5913.8,5917.1,5918.7,5914.8,5914.8
202009282351,5913.8,5914.4,5911.3,5912.5,5914.8,5915.4,5912.3,5913.5
202009282352,5912.5,5915.6,5912.5,5914.6,5913.5,5916.6,5913.5,5915.6
202009282353,5914.3,5914.3,5910.9,5913.6,5915.3,5915.3,5911.9,5914.6
202009282354,5913.6,5915.7,5913.3,5915.2,5914.6,5916.7,5914.3,5916.2
202009282355,5915.2,5915.2,5910.9,5911,5916.2,5916.2,5911.9,5912
202009282356,5910.6,5914.6,5909.4,5914.4,5911.6,5915.6,5910.4,5915.4
202009282357,5914.4,5914.4,5911.1,5911.1,5915.4,5915.4,5912.1,5912.1
202009282358,5911.1,5912.9,5909.6,5911.8,5912.1,5913.9,5910.6,5912.8
202009282359,5911.1,5913.2,5910.5,5912.4,5912.1,5914.2,5911.5,5913.4
202009290000,5912.4,5913.7,5908.4,5908.4,5913.4,5914.7,5909.4,5909.4
202009290001,5908.4,5910.6,5907.7,5910.6,5909.4,5911.6,5908.7,5911.6
202009290002,5910.6,5913,5909.1,5909.1,5911.6,5914,5910.1,5910.1
202009290003,5909.1,5909.3,5904.1,5905.9,5910.1,5910.3,5905.1,5906.9
202009290004,5905.9,5907.4,5903.1,5903.1,5906.9,5908.4,5904.1,5904.1
202009290005,5903.1,5906.5,5903.1,5905.5,5904.1,5907.5,5904.1,5906.5
202009290006,5905.5,5906.6,5905.4,5906.2,5906.5,5907.6,5906.4,5907.2
202009290007,5906.2,5908.8,5905.5,5907.8,5907.2,5909.8,5906.5,5908.8
202009290008,5908.4,5908.5,5906,5907.4,5909.4,5909.5,5907,5908.4
202009290009,5907.4,5909.9,5907.4,5909.6,5908.4,5910.9,5908.4,5910.6
202009290010,5909.6,5910.7,5905.6,5906.4,5910.6,5911.7,5906.6,5907.4
202009290011,5906.4,5909.8,5905.4,5906.7,5907.4,5910.8,5906.4,5907.7
202009290012,5906.7,5909.4,5906.4,5909.1,5907.7,5910.4,5907.4,5910.1
202009290013,5909.1,5910.4,5908,5908.3,5910.1,5911.4,5909,5909.3
202009290014,5908.3,5910.4,5907.9,5909.8,5909.3,5911.4,5908.9,5910.8
202009290015,5909.7,5910.7,5909,5909.5,5910.7,5911.7,5910,5910.5
202009290016,5909.5,5910.2,5909,5909.2,5910.5,5911.2,5910,5910.2
202009290017,5909.2,5911.1,5907.5,5908.8,5910.2,5912.1,5908.5,5909.8
202009290018,5908.9,5911.6,5908.9,5910.1,5909.9,5912.6,5909.9,5911.1
202009290019,5910.1,5911.3,5909.3,5911,5911.1,5912.3,5910.3,5912
202009290020,5911,5911,5908.1,5908.9,5912,5912,5909.1,5909.9
202009290021,5908.9,5910.7,5908.7,5909.8,5909.9,5911.7,5909.7,5910.8
202009290022,5909.8,5910.1,5906.8,5908,5910.8,5911.1,5907.8,5909
202009290023,5908,5910,5908,5908.8,5909,5911,5909,5909.8
202009290024,5908.8,5910.7,5908.8,5910.3,5909.8,5911.7,5909.8,5911.3
202009290025,5910.3,5910.7,5907.9,5907.9,5911.3,5911.7,5908.9,5908.9
202009290026,5907.8,5908,5905.6,5907.8,5908.8,5909,5906.6,5908.8
202009290027,5907.8,5907.8,5906.5,5907.8,5908.8,5908.8,5907.5,5908.8
202009290028,5907.8,5911.2,5907.8,5910.9,5908.8,5912.2,5908.8,5911.9
202009290029,5910.9,5918.4,5908.9,5913.5,5911.9,5919.4,5909.9,5914.5
202009290030,5913.5,5915.1,5911.6,5913,5914.5,5916.1,5912.6,5914
202009290031,5913,5915.9,5911.5,5912.2,5914,5916.9,5912.5,5913.2
202009290032,5912.5,5915.3,5910.9,5913.9,5913.5,5916.3,5911.9,5914.9
202009290033,5913.9,5918.4,5909.9,5910,5914.9,5919.4,5910.9,5911
202009290034,5910,5910,5898.5,5898.5,5911,5911,5899.5,5899.5
202009290035,5898.6,5902.1,5898.4,5899.3,5899.6,5903.1,5899.4,5900.3
202009290036,5899.3,5902.6,5897.9,5902.2,5900.3,5903.6,5898.9,5903.2
202009290037,5902.2,5903,5900.9,5901.8,5903.2,5904,5901.9,5902.8
202009290038,5901.8,5902.3,5899.5,5902,5902.8,5903.3,5900.5,5903
202009290039,5902,5902,5899.9,5899.9,5903,5903,5900.9,5900.9
202009290040,5899.9,5900.3,5899,5899,5900.9,5901.3,5900,5900
202009290041,5899,5899.9,5897.8,5897.8,5900,5900.9,5898.8,5898.8
202009290042,5897.8,5897.8,5894.8,5894.8,5898.8,5898.8,5895.8,5895.8
202009290043,5894.8,5897.7,5894.7,5897.3,5895.8,5898.7,5895.7,5898.3
202009290044,5897.3,5898.4,5896.2,5896.8,5898.3,5899.4,5897.2,5897.8
202009290045,5896.8,5897.5,5896,5896.9,5897.8,5898.5,5897,5897.9
202009290046,5896.9,5896.9,5894.4,5895,5897.9,5897.9,5895.4,5896
202009290047,5895,5895.1,5893.2,5894.8,5896,5896.1,5894.2,5895.8
202009290048,5894.8,5894.9,5893.7,5894.4,5895.8,5895.9,5894.7,5895.4
202009290049,5894.4,5895.3,5893,5894.7,5895.4,5896.3,5894,5895.7
202009290050,5894.3,5894.9,5893.6,5893.9,5895.3,5895.9,5894.6,5894.9
202009290051,5893.9,5895.1,5893,5894.3,5894.9,5896.1,5894,5895.3
202009290052,5894.3,5896,5894.2,5895.8,5895.3,5897,5895.2,5896.8
202009290053,5895.8,5896.7,5895.2,5895.8,5896.8,5897.7,5896.2,5896.8
202009290054,5895.8,5897.6,5895.5,5896.8,5896.8,5898.6,5896.5,5897.8
202009290055,5896.8,5897.2,5895.2,5895.4,5897.8,5898.2,5896.2,5896.4
202009290056,5895.4,5896.6,5894.3,5894.8,5896.4,5897.6,5895.3,5895.8
202009290057,5894.8,5895.3,5892.6,5893.3,5895.8,5896.3,5893.6,5894.3
202009290058,5893.3,5894.9,5893.1,5893.2,5894.3,5895.9,5894.1,5894.2
202009290059,5893.1,5894.3,5893,5893.8,5894.1,5895.3,5894,5894.8
202009290100,5893.8,5894.8,5893.2,5894.2,5894.8,5895.8,5894.2,5895.2
202009290101,5894.2,5894.2,5891.9,5892.3,5895.2,5895.2,5892.9,5893.3
202009290102,5892.3,5893.2,5892,5892.1,5893.3,5894.2,5893,5893.1
202009290103,5892.1,5893.5,5891.8,5891.9,5893.1,5894.5,5892.8,5892.9
202009290104,5891.9,5894.4,5891.8,5894,5892.9,5895.4,5892.8,5895
202009290105,5894,5894.8,5893.6,5894.3,5895,5895.8,5894.6,5895.3
202009290106,5894.3,5894.5,5893.1,5893.3,5895.3,5895.5,5894.1,5894.3
202009290107,5893.3,5896,5893.3,5895.2,5894.3,5897,5894.3,5896.2
202009290108,5895.2,5895.2,5893.7,5893.7,5896.2,5896.2,5894.7,5894.7
202009290109,5893.7,5894.9,5893.7,5894.7,5894.7,5895.9,5894.7,5895.7
202009290110,5894.7,5894.7,5893.3,5893.8,5895.7,5895.7,5894.3,5894.8
202009290111,5893.8,5894.4,5893.3,5894.3,5894.8,5895.4,5894.3,5895.3
202009290112,5894.4,5895.4,5893.7,5895.4,5895.4,5896.4,5894.7,5896.4
202009290113,5895.4,5895.4,5893.9,5894.8,5896.4,5896.4,5894.9,5895.8
202009290114,5894.8,5899,5894.8,5898.2,5895.8,5900,5895.8,5899.2
202009290115,5898.2,5898.7,5895.2,5895.2,5899.2,5899.7,5896.2,5896.2
202009290116,5895.2,5895.4,5891.3,5892.1,5896.2,5896.4,5892.3,5893.1
202009290117,5892.1,5892.6,5890.9,5891.1,5893.1,5893.6,5891.9,5892.1
202009290118,5891.1,5892.7,5890.6,5891.4,5892.1,5893.7,5891.6,5892.4
202009290119,5891.4,5891.8,5890.2,5891.8,5892.4,5892.8,5891.2,5892.8
202009290120,5891.8,5894.2,5891.3,5893.3,5892.8,5895.2,5892.3,5894.3
202009290121,5893.6,5893.7,5892.2,5892.2,5894.6,5894.7,5893.2,5893.2
202009290122,5892.2,5892.4,5891.6,5892.4,5893.2,5893.4,5892.6,5893.4
202009290123,5892.4,5894.2,5892.4,5893.9,5893.4,5895.2,5893.4,5894.9
202009290124,5893.9,5894.6,5893.3,5894.1,5894.9,5895.6,5894.3,5895.1
202009290125,5894.1,5894.4,5892.3,5893.3,5895.1,5895.4,5893.3,5894.3
202009290126,5893.3,5893.7,5892.6,5893.4,5894.3,5894.7,5893.6,5894.4
202009290127,5893.4,5893.7,5892.6,5892.6,5894.4,5894.7,5893.6,5893.6
202009290128,5892.5,5895.2,5892.3,5894.4,5893.5,5896.2,5893.3,5895.4
202009290129,5894.4,5895.6,5893.9,5895.5,5895.4,5896.6,5894.9,5896.5
202009290130,5895.5,5896.7,5893.8,5894.4,5896.5,5897.7,5894.8,5895.4
202009290131,5894.4,5894.8,5893.3,5893.9,5895.4,5895.8,5894.3,5894.9
202009290132,5893.9,5894.7,5893.9,5894.6,5894.9,5895.7,5894.9,5895.6
202009290133,5894.5,5896.9,5894.5,5896.6,5895.5,5897.9,5895.5,5897.6
202009290134,5896.6,5899.1,5896.4,5898.2,5897.6,5900.1,5897.4,5899.2
202009290135,5898.2,5899.1,5897.6,5897.8,5899.2,5900.1,5898.6,5898.8
202009290136,5897.8,5899.2,5897.7,5898.9,5898.8,5900.2,5898.7,5899.9
202009290137,5898.9,5898.9,5896.9,5898.3,5899.9,5899.9,5897.9,5899.3
202009290138,5898.3,5899.3,5897.5,5898.3,5899.3,5900.3,5898.5,5899.3
202009290139,5898.3,5898.6,5897.5,5897.8,5899.3,5899.6,5898.5,5898.8
202009290140,5897.8,5900.1,5897.8,5898.5,5898.8,5901.1,5898.8,5899.5
202009290141,5898.5,5900.2,5898.5,5899.7,5899.5,5901.2,5899.5,5900.7
202009290142,5899.8,5900.8,5899.7,5900.7,5900.8,5901.8,5900.7,5901.7
202009290143,5900.7,5901.4,5900.6,5900.7,5901.7,5902.4,5901.6,5901.7
202009290144,5900.6,5901.6,5900.6,5901.4,5901.6,5902.6,5901.6,5902.4
202009290145,5901.4,5902.8,5901.3,5901.7,5902.4,5903.8,5902.3,5902.7
202009290146,5901.7,5901.7,5900.4,5901.3,5902.7,5902.7,5901.4,5902.3
202009290147,5901.3,5903.9,5901.3,5903.6,5902.3,5904.9,5902.3,5904.6
202009290148,5903.3,5903.7,5902.6,5903,5904.3,5904.7,5903.6,5904
202009290149,5903,5903,5901.9,5902.4,5904,5904,5902.9,5903.4
202009290150,5902.4,5903.1,5901.6,5902.4,5903.4,5904.1,5902.6,5903.4
202009290151,5902.4,5903.1,5902.3,5902.8,5903.4,5904.1,5903.3,5903.8
202009290152,5902.8,5902.8,5901.6,5901.7,5903.8,5903.8,5902.6,5902.7
202009290153,5901.8,5904.2,5901.8,5903.5,5902.8,5905.2,5902.8,5904.5
202009290154,5903.3,5904.3,5903.3,5903.8,5904.3,5905.3,5904.3,5904.8
202009290155,5903.9,5903.9,5902.9,5903.8,5904.9,5904.9,5903.9,5904.8
202009290156,5903.8,5904.6,5903.2,5904.3,5904.8,5905.6,5904.2,5905.3
202009290157,5904.3,5904.9,5904.2,5904.9,5905.3,5905.9,5905.2,5905.9
202009290158,5904.9,5905.1,5904,5904.3,5905.9,5906.1,5905,5905.3
202009290159,5904.3,5904.9,5904.3,5904.4,5905.3,5905.9,5905.3,5905.4
202009290200,5904.5,5904.9,5903.5,5903.7,5905.5,5905.9,5904.5,5904.7
202009290201,5903.7,5904.2,5903.6,5903.8,5904.7,5905.2,5904.6,5904.8
202009290202,5903.8,5904,5901.8,5901.9,5904.8,5905,5902.8,5902.9
202009290203,5901.9,5902,5900.6,5900.7,5902.9,5903,5901.6,5901.7
202009290204,5900.7,5901.1,5900.7,5900.8,5901.7,5902.1,5901.7,5901.8
202009290205,5900.8,5901.4,5900.4,5901.3,5901.8,5902.4,5901.4,5902.3
202009290206,5901.3,5901.7,5900.1,5900.3,5902.3,5902.7,5901.1,5901.3
202009290207,5900.1,5900.2,5897.2,5897.3,5901.1,5901.2,5898.2,5898.3
202009290208,5897.3,5899.5,5897.3,5899.3,5898.3,5900.5,5898.3,5900.3
202009290209,5899.3,5899.6,5898.4,5899.1,5900.3,5900.6,5899.4,5900.1
202009290210,5899.1,5900,5898.1,5898.1,5900.1,5901,5899.1,5899.1
202009290211,5898,5899.1,5897.8,5898.8,5899,5900.1,5898.8,5899.8
202009290212,5898.8,5899.9,5898.6,5899.8,5899.8,5900.9,5899.7,5900.8
202009290213,5899.9,5900.1,5899.3,5899.8,5900.9,5901.1,5900.3,5900.8
202009290214,5899.8,5902.8,5899.8,5902.6,5900.8,5903.8,5900.8,5903.7
202009290215,5902.6,5903.4,5902.3,5902.5,5903.7,5904.4,5903.3,5903.5
202009290216,5902.4,5903.1,5901.8,5903.1,5903.4,5904.1,5902.8,5904.1
202009290217,5903.1,5903.1,5901.6,5901.8,5904.1,5904.1,5902.6,5902.8
202009290218,5901.8,5902,5901.2,5901.9,5902.8,5903,5902.2,5902.9
202009290219,5902.1,5902.2,5901,5901,5903.1,5903.2,5902,5902
202009290220,5901,5902.1,5900.8,5902.1,5902,5903.1,5901.8,5903.1
202009290221,5902.1,5902.1,5901.4,5902.1,5903.1,5903.1,5902.4,5903.1
202009290222,5902.1,5903.4,5901.6,5902.8,5903.1,5904.4,5902.6,5903.8
202009290223,5902.8,5903.7,5902.6,5903.6,5903.8,5904.7,5903.6,5904.6
202009290224,5903.6,5904.4,5903.3,5903.3,5904.6,5905.4,5904.3,5904.3
202009290225,5903.3,5903.4,5902.8,5902.9,5904.3,5904.4,5903.8,5903.9
202009290226,5902.9,5903.4,5901.9,5901.9,5903.9,5904.4,5902.9,5902.9
202009290227,5901.9,5902.5,5901.4,5901.4,5902.9,5903.5,5902.4,5902.4
202009290228,5901.6,5901.9,5901.3,5901.6,5902.6,5902.9,5902.3,5902.6
202009290229,5901.5,5901.5,5900.7,5901.4,5902.5,5902.5,5901.7,5902.4
202009290230,5901.4,5903.7,5901.4,5902.6,5902.4,5904.7,5902.4,5903.6
202009290231,5902.6,5904.1,5902.4,5904.1,5903.6,5905.1,5903.4,5905.1
202009290232,5904.1,5905.1,5904.1,5905.1,5905.1,5906.1,5905.1,5906.1
202009290233,5905.1,5906.1,5904.7,5905,5906.1,5907.1,5905.7,5906
202009290234,5905,5905.6,5904.8,5905.6,5906,5906.6,5905.8,5906.6
202009290235,5905.8,5906.6,5905.6,5905.8,5906.8,5907.6,5906.6,5906.8
202009290236,5905.8,5905.8,5904.8,5904.9,5906.8,5906.8,5905.8,5905.9
202009290237,5904.9,5905.5,5904.7,5904.9,5905.9,5906.5,5905.7,5905.9
202009290238,5904.9,5905.6,5904.7,5905,5905.9,5906.6,5905.7,5906
202009290239,5904.9,5905.4,5904.9,5905.3,5905.9,5906.4,5905.9,5906.3
202009290240,5905.3,5905.4,5904.8,5904.9,5906.3,5906.4,5905.8,5905.9
202009290241,5904.9,5905.4,5904.2,5904.2,5905.9,5906.4,5905.2,5905.2
202009290242,5904.2,5904.5,5903.2,5903.2,5905.2,5905.5,5904.2,5904.2
202009290243,5903.2,5904,5903.2,5903.7,5904.2,5905,5904.2,5904.7
202009290244,5903.7,5904.5,5903,5903.4,5904.7,5905.5,5904,5904.4
202009290245,5903.3,5903.9,5902.8,5902.8,5904.3,5904.9,5903.8,5903.8
202009290246,5902.8,5903.3,5902.8,5903.3,5903.8,5904.3,5903.8,5904.3
202009290247,5903.2,5903.3,5902.6,5903.1,5904.2,5904.3,5903.6,5904.1
202009290248,5903,5903.9,5903,5903.9,5904,5904.9,5904,5904.9
202009290249,5904.2,5904.4,5903.6,5904.4,5905.2,5905.4,5904.6,5905.4
202009290250,5904.4,5904.8,5903.9,5904.1,5905.4,5905.9,5904.9,5905.1
202009290251,5904.1,5904.4,5903.1,5903.7,5905.1,5905.4,5904.1,5904.7
202009290252,5903.7,5903.9,5902.8,5903.1,5904.7,5904.9,5903.8,5904.1
202009290253,5903.1,5904.7,5903.1,5904.6,5904.1,5905.7,5904.1,5905.6
202009290254,5904.6,5904.7,5904.2,5904.7,5905.6,5905.7,5905.2,5905.7
202009290255,5904.7,5905.4,5904.3,5904.4,5905.7,5906.4,5905.3,5905.4
202009290256,5904.4,5905.4,5904.2,5905.4,5905.4,5906.4,5905.2,5906.4
202009290257,5905.4,5905.4,5904.7,5904.9,5906.4,5906.4,5905.7,5905.9
202009290258,5904.9,5905.6,5904.9,5905.3,5905.9,5906.6,5905.9,5906.3
202009290259,5905.3,5905.8,5904.1,5904.5,5906.3,5906.9,5905.1,5905.5
202009290300,5904.5,5905.4,5904.3,5904.5,5905.5,5906.4,5905.3,5905.5
202009290301,5904.5,5904.9,5902.4,5903.7,5905.5,5905.9,5903.4,5904.8
202009290302,5903.7,5905.4,5903.7,5904.2,5904.8,5906.4,5904.8,5905.2
202009290303,5904.2,5905,5904.2,5905,5905.2,5906,5905.2,5906
202009290304,5905,5905.7,5904.7,5905.1,5906,5906.7,5905.7,5906.1
202009290305,5905.1,5906.4,5904.9,5906.1,5906.1,5907.4,5905.9,5907.1
202009290306,5906.1,5906.6,5905.7,5905.8,5907.1,5907.6,5906.7,5906.8
202009290307,5905.8,5906.5,5905.8,5906.4,5906.8,5907.5,5906.8,5907.4
202009290308,5906.4,5907.9,5906.4,5907.3,5907.4,5908.9,5907.4,5908.3
202009290309,5907.3,5907.9,5907.2,5907.5,5908.3,5908.9,5908.2,5908.5
202009290310,5907.5,5908,5907.2,5907.7,5908.5,5909,5908.2,5908.7
202009290311,5907.7,5908.4,5907.5,5908.2,5908.7,5909.4,5908.6,5909.2
202009290312,5908.2,5909.6,5908.2,5909,5909.2,5910.6,5909.2,5910
202009290313,5909,5909.4,5908.2,5908.8,5910,5910.4,5909.2,5909.8
202009290314,5908.8,5908.9,5908,5908.2,5909.8,5909.9,5909,5909.2
202009290315,5908.3,5909.7,5908.3,5909.2,5909.3,5910.7,5909.3,5910.2
202009290316,5909.2,5909.8,5909.1,5909.2,5910.2,5910.8,5910.1,5910.2
202009290317,5909.2,5909.6,5908.3,5909,5910.2,5910.6,5909.3,5910
202009290318,5909,5909.2,5908.5,5908.6,5910,5910.2,5909.5,5909.6
202009290319,5908.6,5908.6,5907,5907,5909.6,5909.6,5908,5908
202009290320,5907,5907,5905.1,5906,5908,5908,5906.1,5907
202009290321,5906,5907,5905.3,5906.1,5907,5908,5906.3,5907.1
202009290322,5906.1,5906.5,5905.1,5905.1,5907.1,5907.5,5906.1,5906.1
202009290323,5905.1,5905.3,5904,5904.4,5906.1,5906.3,5905.1,5905.4
202009290324,5904.4,5905.2,5904.1,5904.2,5905.4,5906.3,5905.1,5905.3
202009290325,5904.2,5905.7,5903.8,5904.8,5905.3,5906.8,5904.8,5905.8
202009290326,5904.7,5905.6,5904.2,5905,5905.7,5906.6,5905.2,5906
202009290327,5905,5905.8,5904.7,5905.5,5906,5906.9,5905.7,5906.8
202009290328,5905.5,5906.4,5905.5,5906.3,5906.8,5907.4,5906.8,5907.3
202009290329,5906.3,5906.9,5905.9,5906,5907.3,5907.9,5906.9,5907
202009290330,5906,5906.7,5905.6,5906.7,5907,5907.7,5906.6,5907.7
202009290331,5906.7,5907.8,5906.3,5907.4,5907.7,5908.8,5907.3,5908.4
202009290332,5907.4,5907.4,5906.7,5907,5908.4,5908.4,5907.7,5908
202009290333,5907,5907.2,5906.4,5907.2,5908,5908.2,5907.4,5908.2
202009290334,5907.2,5907.4,5906.8,5906.8,5908.2,5908.4,5907.8,5907.8
202009290335,5906.8,5906.9,5905.3,5905.4,5907.8,5907.9,5906.3,5906.4
202009290336,5905.4,5906.1,5905.3,5905.8,5906.4,5907.1,5906.3,5906.8
202009290337,5905.8,5906.8,5905.8,5906.8,5906.8,5907.8,5906.8,5907.8
202009290338,5906.9,5908.1,5906.9,5907.7,5907.9,5909.1,5907.9,5908.7
202009290339,5907.7,5908.9,5907.4,5908.9,5908.7,5909.9,5908.4,5909.9
202009290340,5908.9,5909.3,5907.3,5907.6,5909.9,5910.4,5908.3,5908.6
202009290341,5907.6,5907.9,5906.1,5906.6,5908.6,5908.9,5907.1,5907.6
202009290342,5906.6,5907.1,5906.2,5906.2,5907.6,5908.1,5907.2,5907.2
202009290343,5906.2,5908.2,5906.2,5907.9,5907.2,5909.2,5907.2,5908.9
202009290344,5907.9,5907.9,5907.2,5907.4,5908.9,5908.9,5908.2,5908.4
202009290345,5907.3,5908,5906.7,5908,5908.3,5909,5907.7,5909
202009290346,5907.9,5908.7,5907.4,5908.3,5908.9,5909.7,5908.4,5909.3
202009290347,5908.3,5909.1,5908.1,5908.3,5909.3,5910.1,5909.1,5909.3
202009290348,5908.3,5908.3,5907.3,5907.7,5909.3,5909.3,5908.3,5908.7
202009290349,5907.7,5908.3,5906.7,5907.5,5908.7,5909.3,5907.7,5908.5
202009290350,5907.5,5908.2,5907.3,5907.8,5908.5,5909.2,5908.3,5908.8
202009290351,5907.8,5908.6,5907.3,5907.3,5908.8,5909.6,5908.6,5908.8
202009290352,5907.3,5907.9,5906.5,5907.1,5908.8,5908.9,5907.8,5908.1
202009290353,5907.4,5907.6,5906.6,5906.7,5908.4,5908.6,5907.7,5907.8
202009290354,5906.7,5906.7,5906.1,5906.4,5907.8,5907.8,5907.1,5907.4
202009290355,5906.3,5906.9,5906.1,5906.9,5907.3,5907.9,5907.1,5907.9
202009290356,5906.9,5907.9,5906.4,5907.5,5907.9,5908.9,5907.4,5908.5
202009290357,5907.6,5907.7,5907.1,5907.2,5908.6,5908.7,5908.1,5908.2
202009290358,5907.2,5907.4,5906.1,5907.3,5908.2,5908.4,5907.1,5908.3
202009290359,5907.3,5909.1,5907.2,5909,5908.3,5910.1,5908.2,5910
202009290400,5909,5909.2,5906.1,5906.2,5910,5910.2,5907.1,5907.2
202009290401,5906.2,5907.7,5905.7,5907.7,5907.2,5909,5906.7,5908.7
202009290402,5907.7,5907.7,5906.3,5906.6,5908.7,5908.8,5907.3,5907.6
202009290403,5906.5,5906.7,5903.4,5903.8,5907.5,5907.7,5904.4,5904.8
202009290404,5903.9,5906.2,5903.9,5905.4,5904.9,5907.2,5904.9,5906.4
202009290405,5905.4,5906.2,5904.6,5905.8,5906.4,5907.2,5905.6,5906.8
202009290406,5905.8,5906.9,5905.8,5906.4,5906.8,5907.9,5906.8,5907.4
202009290407,5906.4,5906.4,5904,5904,5907.4,5907.4,5905.3,5905.3
202009290408,5904,5904.8,5902.5,5902.8,5905.3,5905.8,5903.8,5903.8
202009290409,5902.8,5904.1,5901.7,5903.2,5903.8,5905.1,5902.8,5904.2
202009290410,5903.3,5904.1,5903,5903.7,5904.3,5905.1,5904.2,5904.7
202009290411,5903.7,5904.5,5901.5,5903.8,5904.7,5905.5,5902.8,5904.8
202009290412,5903.8,5904.6,5903.2,5903.5,5904.8,5905.6,5904.3,5904.8
202009290413,5903.5,5905.4,5903.5,5905.3,5904.8,5906.4,5904.8,5906.3
202009290414,5905.3,5906.9,5905.2,5906.2,5906.3,5907.9,5906.3,5907.5
202009290415,5906.2,5906.2,5903.7,5905,5907.5,5907.5,5904.7,5906.3
202009290416,5905.2,5906.6,5904.7,5906.6,5906.5,5907.6,5905.9,5907.6
202009290417,5906.6,5908.1,5906,5906.2,5907.6,5909.1,5907.2,5907.2
202009290418,5906.6,5906.6,5905.8,5905.9,5907.7,5907.7,5906.9,5906.9
202009290419,5905.9,5906.4,5905.6,5906.2,5906.9,5907.5,5906.6,5907.5
202009290420,5906.2,5907.4,5905.9,5907.4,5907.5,5908.4,5906.9,5908.4
202009290421,5907.4,5908.3,5907.4,5908.3,5908.4,5909.3,5908.4,5909.3
202009290422,5908.3,5908.3,5906.8,5906.8,5909.3,5909.3,5907.8,5907.8
202009290423,5906.8,5907.1,5905.8,5905.8,5907.8,5908.1,5906.8,5906.8
202009290424,5905.8,5907.3,5905.8,5907.2,5906.8,5908.3,5906.8,5908.2
202009290425,5907.2,5908.4,5907.1,5907.8,5908.2,5909.4,5908.2,5908.8
202009290426,5907.8,5909.3,5907.8,5909.2,5908.8,5910.4,5908.8,5910.2
202009290427,5909.2,5909.2,5907.8,5908.2,5910.2,5910.2,5909.1,5909.3
202009290428,5908.2,5908.8,5907.5,5908.7,5909.3,5910,5908.5,5909.7
202009290429,5908.7,5909.6,5908.2,5909.5,5909.7,5910.6,5909.2,5910.5
202009290430,5909.5,5909.7,5906.9,5907.6,5910.5,5910.7,5907.9,5908.6
202009290431,5907.6,5908.1,5903.1,5903.1,5908.6,5909.1,5904.2,5904.2
202009290432,5903.1,5904.3,5901.7,5902.2,5904.2,5905.3,5902.8,5903.2
202009290433,5902.2,5902.3,5900.7,5900.8,5903.2,5903.3,5901.8,5901.8
202009290434,5900.9,5902.4,5900.8,5902.1,5901.9,5903.4,5901.9,5903.1
202009290435,5902.1,5903.9,5902.1,5902.6,5903.1,5904.9,5903.1,5903.7
202009290436,5902.8,5903.6,5901.6,5902.1,5903.8,5904.6,5902.6,5903.1
202009290437,5902.1,5904.4,5902.1,5904,5903.1,5905.4,5903.1,5905
202009290438,5904,5905,5903.9,5904.7,5905,5906,5904.9,5905.7
202009290439,5904.7,5905.5,5904.3,5905.3,5905.7,5906.5,5905.3,5906.3
202009290440,5905.3,5906.7,5904.6,5905.9,5906.3,5907.7,5905.6,5906.9
202009290441,5905.8,5906.6,5905.7,5906.4,5906.8,5907.6,5906.7,5907.4
202009290442,5906.4,5906.4,5905.8,5906.4,5907.4,5907.4,5906.8,5907.4
202009290443,5906.5,5907.3,5906.5,5907.3,5907.5,5908.3,5907.5,5908.3
202009290444,5907.3,5908.1,5907.1,5908.1,5908.3,5909.1,5908.2,5909.1
202009290445,5908.1,5908.1,5904.8,5905.4,5909.1,5909.1,5905.8,5906.4
202009290446,5905.4,5906.3,5905.1,5905.7,5906.4,5907.3,5906.2,5906.7
202009290447,5905.7,5907.4,5905.4,5906.9,5906.7,5908.4,5906.5,5907.9
202009290448,5906.9,5907.2,5905.8,5906.2,5907.9,5908.2,5906.8,5907.2
202009290449,5906.2,5906.4,5903.2,5903.2,5907.2,5907.4,5904.2,5904.2
202009290450,5903.2,5908.8,5902.6,5907.9,5904.2,5909.8,5903.7,5908.9
202009290451,5907.9,5909.7,5907.1,5909.6,5908.9,5910.7,5908.1,5910.6
202009290452,5910,5910.4,5906.7,5907.7,5911,5911.4,5907.7,5908.7
202009290453,5907.7,5910.3,5907.7,5909.9,5908.7,5911.3,5908.7,5910.9
202009290454,5910.2,5910.9,5908.1,5910.3,5911.2,5911.9,5909.1,5911.4
202009290455,5910.3,5911.3,5907.6,5911.2,5911.4,5912.3,5908.6,5912.2
202009290456,5911.2,5911.9,5908.9,5911.2,5912.2,5913,5910.2,5912.2
202009290457,5911.2,5912,5908.8,5910.8,5912.2,5913,5909.8,5911.8
202009290458,5910.6,5910.8,5908.1,5909.9,5911.6,5911.8,5909.1,5910.9
202009290459,5909.9,5910.9,5907.9,5910.3,5910.9,5912.8,5909.2,5912.8
